Carton;Estado;Bingo;Fecha;Organizador
0001;ACTIVO;PRUEBA DE IMPRESIONES;26/07/26;prueba
0002;ACTIVO;PRUEBA DE IMPRESIONES;26/07/26;prueba
0003;ACTIVO;PRUEBA DE IMPRESIONES;26/07/26;prueba
0004;ACTIVO;PRUEBA DE IMPRESIONES;26/07/26;prueba
0005;ACTIVO;PRUEBA DE IMPRESIONES;26/07/26;prueba
0006;ACTIVO;PRUEBA DE IMPRESIONES;26/07/26;prueba
0007;ACTIVO;PRUEBA DE IMPRESIONES;26/07/26;prueba
0008;ACTIVO;PRUEBA DE IMPRESIONES;26/07/26;prueba
0009;ACTIVO;PRUEBA DE IMPRESIONES;26/07/26;prueba
0010;ACTIVO;PRUEBA DE IMPRESIONES;26/07/26;prueba
0011;ACTIVO;PRUEBA DE IMPRESIONES;26/07/26;prueba
0012;ACTIVO;PRUEBA DE IMPRESIONES;26/07/26;prueba
0013;ACTIVO;PRUEBA DE IMPRESIONES;26/07/26;prueba
0014;ACTIVO;PRUEBA DE IMPRESIONES;26/07/26;prueba
0015;ACTIVO;PRUEBA DE IMPRESIONES;26/07/26;prueba
0016;ACTIVO;PRUEBA DE IMPRESIONES;26/07/26;prueba
0017;ACTIVO;PRUEBA DE IMPRESIONES;26/07/26;prueba
0018;ACTIVO;PRUEBA DE IMPRESIONES;26/07/26;prueba
0019;ACTIVO;PRUEBA DE IMPRESIONES;26/07/26;prueba
0020;ACTIVO;PRUEBA DE IMPRESIONES;26/07/26;prueba
0021;ACTIVO;PRUEBA DE IMPRESIONES;26/07/26;prueba
0022;ACTIVO;PRUEBA DE IMPRESIONES;26/07/26;prueba
0023;ACTIVO;PRUEBA DE IMPRESIONES;26/07/26;prueba
0024;ACTIVO;PRUEBA DE IMPRESIONES;26/07/26;prueba
0025;ACTIVO;PRUEBA DE IMPRESIONES;26/07/26;prueba
0026;ACTIVO;PRUEBA DE IMPRESIONES;26/07/26;prueba
0027;ACTIVO;PRUEBA DE IMPRESIONES;26/07/26;prueba
0028;ACTIVO;PRUEBA DE IMPRESIONES;26/07/26;prueba
0029;ACTIVO;PRUEBA DE IMPRESIONES;26/07/26;prueba
0030;ACTIVO;PRUEBA DE IMPRESIONES;26/07/26;prueba
0031;ACTIVO;PRUEBA DE IMPRESIONES;26/07/26;prueba
0032;ACTIVO;PRUEBA DE IMPRESIONES;26/07/26;prueba
0033;ACTIVO;PRUEBA DE IMPRESIONES;26/07/26;prueba
0034;ACTIVO;PRUEBA DE IMPRESIONES;26/07/26;prueba
0035;ACTIVO;PRUEBA DE IMPRESIONES;26/07/26;prueba
0036;ACTIVO;PRUEBA DE IMPRESIONES;26/07/26;prueba
0037;ACTIVO;PRUEBA DE IMPRESIONES;26/07/26;prueba
0038;ACTIVO;PRUEBA DE IMPRESIONES;26/07/26;prueba
0039;ACTIVO;PRUEBA DE IMPRESIONES;26/07/26;prueba
0040;ACTIVO;PRUEBA DE IMPRESIONES;26/07/26;prueba
0041;ACTIVO;PRUEBA DE IMPRESIONES;26/07/26;prueba
0042;ACTIVO;PRUEBA DE IMPRESIONES;26/07/26;prueba
0043;ACTIVO;PRUEBA DE IMPRESIONES;26/07/26;prueba
0044;ACTIVO;PRUEBA DE IMPRESIONES;26/07/26;prueba
0045;ACTIVO;PRUEBA DE IMPRESIONES;26/07/26;prueba
0046;ACTIVO;PRUEBA DE IMPRESIONES;26/07/26;prueba
0047;ACTIVO;PRUEBA DE IMPRESIONES;26/07/26;prueba
0048;ACTIVO;PRUEBA DE IMPRESIONES;26/07/26;prueba
0049;ACTIVO;PRUEBA DE IMPRESIONES;26/07/26;prueba
0050;ACTIVO;PRUEBA DE IMPRESIONES;26/07/26;prueba
0051;ACTIVO;PRUEBA DE IMPRESIONES;26/07/26;prueba
0052;ACTIVO;PRUEBA DE IMPRESIONES;26/07/26;prueba
0053;ACTIVO;PRUEBA DE IMPRESIONES;26/07/26;prueba
0054;ACTIVO;PRUEBA DE IMPRESIONES;26/07/26;prueba
0055;ACTIVO;PRUEBA DE IMPRESIONES;26/07/26;prueba
0056;ACTIVO;PRUEBA DE IMPRESIONES;26/07/26;prueba
0057;ACTIVO;PRUEBA DE IMPRESIONES;26/07/26;prueba
0058;ACTIVO;PRUEBA DE IMPRESIONES;26/07/26;prueba
0059;ACTIVO;PRUEBA DE IMPRESIONES;26/07/26;prueba
0060;ACTIVO;PRUEBA DE IMPRESIONES;26/07/26;prueba
0061;ACTIVO;PRUEBA DE IMPRESIONES;26/07/26;prueba
0062;ACTIVO;PRUEBA DE IMPRESIONES;26/07/26;prueba
0063;ACTIVO;PRUEBA DE IMPRESIONES;26/07/26;prueba
0064;ACTIVO;PRUEBA DE IMPRESIONES;26/07/26;prueba
0065;ACTIVO;PRUEBA DE IMPRESIONES;26/07/26;prueba
0066;ACTIVO;PRUEBA DE IMPRESIONES;26/07/26;prueba
0067;ACTIVO;PRUEBA DE IMPRESIONES;26/07/26;prueba
0068;ACTIVO;PRUEBA DE IMPRESIONES;26/07/26;prueba
0069;ACTIVO;PRUEBA DE IMPRESIONES;26/07/26;prueba
0070;ACTIVO;PRUEBA DE IMPRESIONES;26/07/26;prueba
0071;ACTIVO;PRUEBA DE IMPRESIONES;26/07/26;prueba
0072;ACTIVO;PRUEBA DE IMPRESIONES;26/07/26;prueba
0073;ACTIVO;PRUEBA DE IMPRESIONES;26/07/26;prueba
0074;ACTIVO;PRUEBA DE IMPRESIONES;26/07/26;prueba
0075;ACTIVO;PRUEBA DE IMPRESIONES;26/07/26;prueba
0076;ACTIVO;PRUEBA DE IMPRESIONES;26/07/26;prueba
0077;ACTIVO;PRUEBA DE IMPRESIONES;26/07/26;prueba
0078;ACTIVO;PRUEBA DE IMPRESIONES;26/07/26;prueba
0079;ACTIVO;PRUEBA DE IMPRESIONES;26/07/26;prueba
0080;ACTIVO;PRUEBA DE IMPRESIONES;26/07/26;prueba
0081;ACTIVO;PRUEBA DE IMPRESIONES;26/07/26;prueba
0082;ACTIVO;PRUEBA DE IMPRESIONES;26/07/26;prueba
0083;ACTIVO;PRUEBA DE IMPRESIONES;26/07/26;prueba
0084;ACTIVO;PRUEBA DE IMPRESIONES;26/07/26;prueba
0085;ACTIVO;PRUEBA DE IMPRESIONES;26/07/26;prueba
0086;ACTIVO;PRUEBA DE IMPRESIONES;26/07/26;prueba
0087;ACTIVO;PRUEBA DE IMPRESIONES;26/07/26;prueba
0088;ACTIVO;PRUEBA DE IMPRESIONES;26/07/26;prueba
0089;ACTIVO;PRUEBA DE IMPRESIONES;26/07/26;prueba
0090;ACTIVO;PRUEBA DE IMPRESIONES;26/07/26;prueba
0091;ACTIVO;PRUEBA DE IMPRESIONES;26/07/26;prueba
0092;ACTIVO;PRUEBA DE IMPRESIONES;26/07/26;prueba
0093;ACTIVO;PRUEBA DE IMPRESIONES;26/07/26;prueba
0094;ACTIVO;PRUEBA DE IMPRESIONES;26/07/26;prueba
0095;ACTIVO;PRUEBA DE IMPRESIONES;26/07/26;prueba
0096;ACTIVO;PRUEBA DE IMPRESIONES;26/07/26;prueba
0097;ACTIVO;PRUEBA DE IMPRESIONES;26/07/26;prueba
0098;ACTIVO;PRUEBA DE IMPRESIONES;26/07/26;prueba
0099;ACTIVO;PRUEBA DE IMPRESIONES;26/07/26;prueba
0100;ACTIVO;PRUEBA DE IMPRESIONES;26/07/26;prueba
0101;ACTIVO;PRUEBA DE IMPRESIONES;26/07/26;prueba
0102;ACTIVO;PRUEBA DE IMPRESIONES;26/07/26;prueba
0103;ACTIVO;PRUEBA DE IMPRESIONES;26/07/26;prueba
0104;ACTIVO;PRUEBA DE IMPRESIONES;26/07/26;prueba
0105;ACTIVO;PRUEBA DE IMPRESIONES;26/07/26;prueba
0106;ACTIVO;PRUEBA DE IMPRESIONES;26/07/26;prueba
0107;ACTIVO;PRUEBA DE IMPRESIONES;26/07/26;prueba
0108;ACTIVO;PRUEBA DE IMPRESIONES;26/07/26;prueba
0109;ACTIVO;PRUEBA DE IMPRESIONES;26/07/26;prueba
0110;ACTIVO;PRUEBA DE IMPRESIONES;26/07/26;prueba
0111;ACTIVO;PRUEBA DE IMPRESIONES;26/07/26;prueba
0112;ACTIVO;PRUEBA DE IMPRESIONES;26/07/26;prueba
0113;ACTIVO;PRUEBA DE IMPRESIONES;26/07/26;prueba
0114;ACTIVO;PRUEBA DE IMPRESIONES;26/07/26;prueba
0115;ACTIVO;PRUEBA DE IMPRESIONES;26/07/26;prueba
0116;ACTIVO;PRUEBA DE IMPRESIONES;26/07/26;prueba
0117;ACTIVO;PRUEBA DE IMPRESIONES;26/07/26;prueba
0118;ACTIVO;PRUEBA DE IMPRESIONES;26/07/26;prueba
0119;ACTIVO;PRUEBA DE IMPRESIONES;26/07/26;prueba
0120;ACTIVO;PRUEBA DE IMPRESIONES;26/07/26;prueba
0121;ACTIVO;PRUEBA DE IMPRESIONES;26/07/26;prueba
0122;ACTIVO;PRUEBA DE IMPRESIONES;26/07/26;prueba
0123;ACTIVO;PRUEBA DE IMPRESIONES;26/07/26;prueba
0124;ACTIVO;PRUEBA DE IMPRESIONES;26/07/26;prueba
0125;ACTIVO;PRUEBA DE IMPRESIONES;26/07/26;prueba
0126;ACTIVO;PRUEBA DE IMPRESIONES;26/07/26;prueba
0127;ACTIVO;PRUEBA DE IMPRESIONES;26/07/26;prueba
0128;ACTIVO;PRUEBA DE IMPRESIONES;26/07/26;prueba
0129;ACTIVO;PRUEBA DE IMPRESIONES;26/07/26;prueba
0130;ACTIVO;PRUEBA DE IMPRESIONES;26/07/26;prueba
0131;ACTIVO;PRUEBA DE IMPRESIONES;26/07/26;prueba
0132;ACTIVO;PRUEBA DE IMPRESIONES;26/07/26;prueba
0133;ACTIVO;PRUEBA DE IMPRESIONES;26/07/26;prueba
0134;ACTIVO;PRUEBA DE IMPRESIONES;26/07/26;prueba
0135;ACTIVO;PRUEBA DE IMPRESIONES;26/07/26;prueba
0136;ACTIVO;PRUEBA DE IMPRESIONES;26/07/26;prueba
0137;ACTIVO;PRUEBA DE IMPRESIONES;26/07/26;prueba
0138;ACTIVO;PRUEBA DE IMPRESIONES;26/07/26;prueba
0139;ACTIVO;PRUEBA DE IMPRESIONES;26/07/26;prueba
0140;ACTIVO;PRUEBA DE IMPRESIONES;26/07/26;prueba
0141;ACTIVO;PRUEBA DE IMPRESIONES;26/07/26;prueba
0142;ACTIVO;PRUEBA DE IMPRESIONES;26/07/26;prueba
0143;ACTIVO;PRUEBA DE IMPRESIONES;26/07/26;prueba
0144;ACTIVO;PRUEBA DE IMPRESIONES;26/07/26;prueba
0145;ACTIVO;PRUEBA DE IMPRESIONES;26/07/26;prueba
0146;ACTIVO;PRUEBA DE IMPRESIONES;26/07/26;prueba
0147;ACTIVO;PRUEBA DE IMPRESIONES;26/07/26;prueba
0148;ACTIVO;PRUEBA DE IMPRESIONES;26/07/26;prueba
0149;ACTIVO;PRUEBA DE IMPRESIONES;26/07/26;prueba
0150;ACTIVO;PRUEBA DE IMPRESIONES;26/07/26;prueba
0151;ACTIVO;PRUEBA DE IMPRESIONES;26/07/26;prueba
0152;ACTIVO;PRUEBA DE IMPRESIONES;26/07/26;prueba
0153;ACTIVO;PRUEBA DE IMPRESIONES;26/07/26;prueba
0154;ACTIVO;PRUEBA DE IMPRESIONES;26/07/26;prueba
0155;ACTIVO;PRUEBA DE IMPRESIONES;26/07/26;prueba
0156;ACTIVO;PRUEBA DE IMPRESIONES;26/07/26;prueba
0157;ACTIVO;PRUEBA DE IMPRESIONES;26/07/26;prueba
0158;ACTIVO;PRUEBA DE IMPRESIONES;26/07/26;prueba
0159;ACTIVO;PRUEBA DE IMPRESIONES;26/07/26;prueba
0160;ACTIVO;PRUEBA DE IMPRESIONES;26/07/26;prueba
0161;ACTIVO;PRUEBA DE IMPRESIONES;26/07/26;prueba
0162;ACTIVO;PRUEBA DE IMPRESIONES;26/07/26;prueba
0163;ACTIVO;PRUEBA DE IMPRESIONES;26/07/26;prueba
0164;ACTIVO;PRUEBA DE IMPRESIONES;26/07/26;prueba
0165;ACTIVO;PRUEBA DE IMPRESIONES;26/07/26;prueba
0166;ACTIVO;PRUEBA DE IMPRESIONES;26/07/26;prueba
0167;ACTIVO;PRUEBA DE IMPRESIONES;26/07/26;prueba
0168;ACTIVO;PRUEBA DE IMPRESIONES;26/07/26;prueba
0169;ACTIVO;PRUEBA DE IMPRESIONES;26/07/26;prueba
0170;ACTIVO;PRUEBA DE IMPRESIONES;26/07/26;prueba
0171;ACTIVO;PRUEBA DE IMPRESIONES;26/07/26;prueba
0172;ACTIVO;PRUEBA DE IMPRESIONES;26/07/26;prueba
0173;ACTIVO;PRUEBA DE IMPRESIONES;26/07/26;prueba
0174;ACTIVO;PRUEBA DE IMPRESIONES;26/07/26;prueba
0175;ACTIVO;PRUEBA DE IMPRESIONES;26/07/26;prueba
0176;ACTIVO;PRUEBA DE IMPRESIONES;26/07/26;prueba
0177;ACTIVO;PRUEBA DE IMPRESIONES;26/07/26;prueba
0178;ACTIVO;PRUEBA DE IMPRESIONES;26/07/26;prueba
0179;ACTIVO;PRUEBA DE IMPRESIONES;26/07/26;prueba
0180;ACTIVO;PRUEBA DE IMPRESIONES;26/07/26;prueba
0181;ACTIVO;PRUEBA DE IMPRESIONES;26/07/26;prueba
0182;ACTIVO;PRUEBA DE IMPRESIONES;26/07/26;prueba
0183;ACTIVO;PRUEBA DE IMPRESIONES;26/07/26;prueba
0184;ACTIVO;PRUEBA DE IMPRESIONES;26/07/26;prueba
0185;ACTIVO;PRUEBA DE IMPRESIONES;26/07/26;prueba
0186;ACTIVO;PRUEBA DE IMPRESIONES;26/07/26;prueba
0187;ACTIVO;PRUEBA DE IMPRESIONES;26/07/26;prueba
0188;ACTIVO;PRUEBA DE IMPRESIONES;26/07/26;prueba
0189;ACTIVO;PRUEBA DE IMPRESIONES;26/07/26;prueba
0190;ACTIVO;PRUEBA DE IMPRESIONES;26/07/26;prueba
0191;ACTIVO;PRUEBA DE IMPRESIONES;26/07/26;prueba
0192;ACTIVO;PRUEBA DE IMPRESIONES;26/07/26;prueba
0193;ACTIVO;PRUEBA DE IMPRESIONES;26/07/26;prueba
0194;ACTIVO;PRUEBA DE IMPRESIONES;26/07/26;prueba
0195;ACTIVO;PRUEBA DE IMPRESIONES;26/07/26;prueba
0196;ACTIVO;PRUEBA DE IMPRESIONES;26/07/26;prueba
0197;ACTIVO;PRUEBA DE IMPRESIONES;26/07/26;prueba
0198;ACTIVO;PRUEBA DE IMPRESIONES;26/07/26;prueba
0199;ACTIVO;PRUEBA DE IMPRESIONES;26/07/26;prueba
0200;ACTIVO;PRUEBA DE IMPRESIONES;26/07/26;prueba
0201;ACTIVO;PRUEBA DE IMPRESIONES;26/07/26;prueba
0202;ACTIVO;PRUEBA DE IMPRESIONES;26/07/26;prueba
0203;ACTIVO;PRUEBA DE IMPRESIONES;26/07/26;prueba
0204;ACTIVO;PRUEBA DE IMPRESIONES;26/07/26;prueba
0205;ACTIVO;PRUEBA DE IMPRESIONES;26/07/26;prueba
0206;ACTIVO;PRUEBA DE IMPRESIONES;26/07/26;prueba
0207;ACTIVO;PRUEBA DE IMPRESIONES;26/07/26;prueba
0208;ACTIVO;PRUEBA DE IMPRESIONES;26/07/26;prueba
0209;ACTIVO;PRUEBA DE IMPRESIONES;26/07/26;prueba
0210;ACTIVO;PRUEBA DE IMPRESIONES;26/07/26;prueba
0211;ACTIVO;PRUEBA DE IMPRESIONES;26/07/26;prueba
0212;ACTIVO;PRUEBA DE IMPRESIONES;26/07/26;prueba
0213;ACTIVO;PRUEBA DE IMPRESIONES;26/07/26;prueba
0214;ACTIVO;PRUEBA DE IMPRESIONES;26/07/26;prueba
0215;ACTIVO;PRUEBA DE IMPRESIONES;26/07/26;prueba
0216;ACTIVO;PRUEBA DE IMPRESIONES;26/07/26;prueba
0217;ACTIVO;PRUEBA DE IMPRESIONES;26/07/26;prueba
0218;ACTIVO;PRUEBA DE IMPRESIONES;26/07/26;prueba
0219;ACTIVO;PRUEBA DE IMPRESIONES;26/07/26;prueba
0220;ACTIVO;PRUEBA DE IMPRESIONES;26/07/26;prueba
0221;ACTIVO;PRUEBA DE IMPRESIONES;26/07/26;prueba
0222;ACTIVO;PRUEBA DE IMPRESIONES;26/07/26;prueba
0223;ACTIVO;PRUEBA DE IMPRESIONES;26/07/26;prueba
0224;ACTIVO;PRUEBA DE IMPRESIONES;26/07/26;prueba
0225;ACTIVO;PRUEBA DE IMPRESIONES;26/07/26;prueba
0226;ACTIVO;PRUEBA DE IMPRESIONES;26/07/26;prueba
0227;ACTIVO;PRUEBA DE IMPRESIONES;26/07/26;prueba
0228;ACTIVO;PRUEBA DE IMPRESIONES;26/07/26;prueba
0229;ACTIVO;PRUEBA DE IMPRESIONES;26/07/26;prueba
0230;ACTIVO;PRUEBA DE IMPRESIONES;26/07/26;prueba
0231;ACTIVO;PRUEBA DE IMPRESIONES;26/07/26;prueba
0232;ACTIVO;PRUEBA DE IMPRESIONES;26/07/26;prueba
0233;ACTIVO;PRUEBA DE IMPRESIONES;26/07/26;prueba
0234;ACTIVO;PRUEBA DE IMPRESIONES;26/07/26;prueba
0235;ACTIVO;PRUEBA DE IMPRESIONES;26/07/26;prueba
0236;ACTIVO;PRUEBA DE IMPRESIONES;26/07/26;prueba
0237;ACTIVO;PRUEBA DE IMPRESIONES;26/07/26;prueba
0238;ACTIVO;PRUEBA DE IMPRESIONES;26/07/26;prueba
0239;ACTIVO;PRUEBA DE IMPRESIONES;26/07/26;prueba
0240;ACTIVO;PRUEBA DE IMPRESIONES;26/07/26;prueba
0241;ACTIVO;PRUEBA DE IMPRESIONES;26/07/26;prueba
0242;ACTIVO;PRUEBA DE IMPRESIONES;26/07/26;prueba
0243;ACTIVO;PRUEBA DE IMPRESIONES;26/07/26;prueba
0244;ACTIVO;PRUEBA DE IMPRESIONES;26/07/26;prueba
0245;ACTIVO;PRUEBA DE IMPRESIONES;26/07/26;prueba
0246;ACTIVO;PRUEBA DE IMPRESIONES;26/07/26;prueba
0247;ACTIVO;PRUEBA DE IMPRESIONES;26/07/26;prueba
0248;ACTIVO;PRUEBA DE IMPRESIONES;26/07/26;prueba
0249;ACTIVO;PRUEBA DE IMPRESIONES;26/07/26;prueba
0250;ACTIVO;PRUEBA DE IMPRESIONES;26/07/26;prueba
0251;ACTIVO;PRUEBA DE IMPRESIONES;26/07/26;prueba
0252;ACTIVO;PRUEBA DE IMPRESIONES;26/07/26;prueba
0253;ACTIVO;PRUEBA DE IMPRESIONES;26/07/26;prueba
0254;ACTIVO;PRUEBA DE IMPRESIONES;26/07/26;prueba
0255;ACTIVO;PRUEBA DE IMPRESIONES;26/07/26;prueba
0256;ACTIVO;PRUEBA DE IMPRESIONES;26/07/26;prueba
0257;ACTIVO;PRUEBA DE IMPRESIONES;26/07/26;prueba
0258;ACTIVO;PRUEBA DE IMPRESIONES;26/07/26;prueba
0259;ACTIVO;PRUEBA DE IMPRESIONES;26/07/26;prueba
0260;ACTIVO;PRUEBA DE IMPRESIONES;26/07/26;prueba
0261;ACTIVO;PRUEBA DE IMPRESIONES;26/07/26;prueba
0262;ACTIVO;PRUEBA DE IMPRESIONES;26/07/26;prueba
0263;ACTIVO;PRUEBA DE IMPRESIONES;26/07/26;prueba
0264;ACTIVO;PRUEBA DE IMPRESIONES;26/07/26;prueba
0265;ACTIVO;PRUEBA DE IMPRESIONES;26/07/26;prueba
0266;ACTIVO;PRUEBA DE IMPRESIONES;26/07/26;prueba
0267;ACTIVO;PRUEBA DE IMPRESIONES;26/07/26;prueba
0268;ACTIVO;PRUEBA DE IMPRESIONES;26/07/26;prueba
0269;ACTIVO;PRUEBA DE IMPRESIONES;26/07/26;prueba
0270;ACTIVO;PRUEBA DE IMPRESIONES;26/07/26;prueba
0271;ACTIVO;PRUEBA DE IMPRESIONES;26/07/26;prueba
0272;ACTIVO;PRUEBA DE IMPRESIONES;26/07/26;prueba
0273;ACTIVO;PRUEBA DE IMPRESIONES;26/07/26;prueba
0274;ACTIVO;PRUEBA DE IMPRESIONES;26/07/26;prueba
0275;ACTIVO;PRUEBA DE IMPRESIONES;26/07/26;prueba
0276;ACTIVO;PRUEBA DE IMPRESIONES;26/07/26;prueba
0277;ACTIVO;PRUEBA DE IMPRESIONES;26/07/26;prueba
0278;ACTIVO;PRUEBA DE IMPRESIONES;26/07/26;prueba
0279;ACTIVO;PRUEBA DE IMPRESIONES;26/07/26;prueba
0280;ACTIVO;PRUEBA DE IMPRESIONES;26/07/26;prueba
0281;ACTIVO;PRUEBA DE IMPRESIONES;26/07/26;prueba
0282;ACTIVO;PRUEBA DE IMPRESIONES;26/07/26;prueba
0283;ACTIVO;PRUEBA DE IMPRESIONES;26/07/26;prueba
0284;ACTIVO;PRUEBA DE IMPRESIONES;26/07/26;prueba
0285;ACTIVO;PRUEBA DE IMPRESIONES;26/07/26;prueba
0286;ACTIVO;PRUEBA DE IMPRESIONES;26/07/26;prueba
0287;ACTIVO;PRUEBA DE IMPRESIONES;26/07/26;prueba
0288;ACTIVO;PRUEBA DE IMPRESIONES;26/07/26;prueba
0289;ACTIVO;PRUEBA DE IMPRESIONES;26/07/26;prueba
0290;ACTIVO;PRUEBA DE IMPRESIONES;26/07/26;prueba
0291;ACTIVO;PRUEBA DE IMPRESIONES;26/07/26;prueba
0292;ACTIVO;PRUEBA DE IMPRESIONES;26/07/26;prueba
0293;ACTIVO;PRUEBA DE IMPRESIONES;26/07/26;prueba
0294;ACTIVO;PRUEBA DE IMPRESIONES;26/07/26;prueba
0295;ACTIVO;PRUEBA DE IMPRESIONES;26/07/26;prueba
0296;ACTIVO;PRUEBA DE IMPRESIONES;26/07/26;prueba
0297;ACTIVO;PRUEBA DE IMPRESIONES;26/07/26;prueba
0298;ACTIVO;PRUEBA DE IMPRESIONES;26/07/26;prueba
0299;ACTIVO;PRUEBA DE IMPRESIONES;26/07/26;prueba
0300;ACTIVO;PRUEBA DE IMPRESIONES;26/07/26;prueba
0301;ACTIVO;PRUEBA DE IMPRESIONES;26/07/26;prueba
0302;ACTIVO;PRUEBA DE IMPRESIONES;26/07/26;prueba
0303;ACTIVO;PRUEBA DE IMPRESIONES;26/07/26;prueba
0304;ACTIVO;PRUEBA DE IMPRESIONES;26/07/26;prueba
0305;ACTIVO;PRUEBA DE IMPRESIONES;26/07/26;prueba
0306;ACTIVO;PRUEBA DE IMPRESIONES;26/07/26;prueba
0307;ACTIVO;PRUEBA DE IMPRESIONES;26/07/26;prueba
0308;ACTIVO;PRUEBA DE IMPRESIONES;26/07/26;prueba
0309;ACTIVO;PRUEBA DE IMPRESIONES;26/07/26;prueba
0310;ACTIVO;PRUEBA DE IMPRESIONES;26/07/26;prueba
0311;ACTIVO;PRUEBA DE IMPRESIONES;26/07/26;prueba
0312;ACTIVO;PRUEBA DE IMPRESIONES;26/07/26;prueba
0313;ACTIVO;PRUEBA DE IMPRESIONES;26/07/26;prueba
0314;ACTIVO;PRUEBA DE IMPRESIONES;26/07/26;prueba
0315;ACTIVO;PRUEBA DE IMPRESIONES;26/07/26;prueba
0316;ACTIVO;PRUEBA DE IMPRESIONES;26/07/26;prueba
0317;ACTIVO;PRUEBA DE IMPRESIONES;26/07/26;prueba
0318;ACTIVO;PRUEBA DE IMPRESIONES;26/07/26;prueba
0319;ACTIVO;PRUEBA DE IMPRESIONES;26/07/26;prueba
0320;ACTIVO;PRUEBA DE IMPRESIONES;26/07/26;prueba
0321;ACTIVO;PRUEBA DE IMPRESIONES;26/07/26;prueba
0322;ACTIVO;PRUEBA DE IMPRESIONES;26/07/26;prueba
0323;ACTIVO;PRUEBA DE IMPRESIONES;26/07/26;prueba
0324;ACTIVO;PRUEBA DE IMPRESIONES;26/07/26;prueba
0325;ACTIVO;PRUEBA DE IMPRESIONES;26/07/26;prueba
0326;ACTIVO;PRUEBA DE IMPRESIONES;26/07/26;prueba
0327;ACTIVO;PRUEBA DE IMPRESIONES;26/07/26;prueba
0328;ACTIVO;PRUEBA DE IMPRESIONES;26/07/26;prueba
0329;ACTIVO;PRUEBA DE IMPRESIONES;26/07/26;prueba
0330;ACTIVO;PRUEBA DE IMPRESIONES;26/07/26;prueba
0331;ACTIVO;PRUEBA DE IMPRESIONES;26/07/26;prueba
0332;ACTIVO;PRUEBA DE IMPRESIONES;26/07/26;prueba
0333;ACTIVO;PRUEBA DE IMPRESIONES;26/07/26;prueba
0334;ACTIVO;PRUEBA DE IMPRESIONES;26/07/26;prueba
0335;ACTIVO;PRUEBA DE IMPRESIONES;26/07/26;prueba
0336;ACTIVO;PRUEBA DE IMPRESIONES;26/07/26;prueba
0337;ACTIVO;PRUEBA DE IMPRESIONES;26/07/26;prueba
0338;ACTIVO;PRUEBA DE IMPRESIONES;26/07/26;prueba
0339;ACTIVO;PRUEBA DE IMPRESIONES;26/07/26;prueba
0340;ACTIVO;PRUEBA DE IMPRESIONES;26/07/26;prueba
0341;ACTIVO;PRUEBA DE IMPRESIONES;26/07/26;prueba
0342;ACTIVO;PRUEBA DE IMPRESIONES;26/07/26;prueba
0343;ACTIVO;PRUEBA DE IMPRESIONES;26/07/26;prueba
0344;ACTIVO;PRUEBA DE IMPRESIONES;26/07/26;prueba
0345;ACTIVO;PRUEBA DE IMPRESIONES;26/07/26;prueba
0346;ACTIVO;PRUEBA DE IMPRESIONES;26/07/26;prueba
0347;ACTIVO;PRUEBA DE IMPRESIONES;26/07/26;prueba
0348;ACTIVO;PRUEBA DE IMPRESIONES;26/07/26;prueba
0349;ACTIVO;PRUEBA DE IMPRESIONES;26/07/26;prueba
0350;ACTIVO;PRUEBA DE IMPRESIONES;26/07/26;prueba
0351;ACTIVO;PRUEBA DE IMPRESIONES;26/07/26;prueba
0352;ACTIVO;PRUEBA DE IMPRESIONES;26/07/26;prueba
0353;ACTIVO;PRUEBA DE IMPRESIONES;26/07/26;prueba
0354;ACTIVO;PRUEBA DE IMPRESIONES;26/07/26;prueba
0355;ACTIVO;PRUEBA DE IMPRESIONES;26/07/26;prueba
0356;ACTIVO;PRUEBA DE IMPRESIONES;26/07/26;prueba
0357;ACTIVO;PRUEBA DE IMPRESIONES;26/07/26;prueba
0358;ACTIVO;PRUEBA DE IMPRESIONES;26/07/26;prueba
0359;ACTIVO;PRUEBA DE IMPRESIONES;26/07/26;prueba
0360;ACTIVO;PRUEBA DE IMPRESIONES;26/07/26;prueba
0361;ACTIVO;PRUEBA DE IMPRESIONES;26/07/26;prueba
0362;ACTIVO;PRUEBA DE IMPRESIONES;26/07/26;prueba
0363;ACTIVO;PRUEBA DE IMPRESIONES;26/07/26;prueba
0364;ACTIVO;PRUEBA DE IMPRESIONES;26/07/26;prueba
0365;ACTIVO;PRUEBA DE IMPRESIONES;26/07/26;prueba
0366;ACTIVO;PRUEBA DE IMPRESIONES;26/07/26;prueba
0367;ACTIVO;PRUEBA DE IMPRESIONES;26/07/26;prueba
0368;ACTIVO;PRUEBA DE IMPRESIONES;26/07/26;prueba
0369;ACTIVO;PRUEBA DE IMPRESIONES;26/07/26;prueba
0370;ACTIVO;PRUEBA DE IMPRESIONES;26/07/26;prueba
0371;ACTIVO;PRUEBA DE IMPRESIONES;26/07/26;prueba
0372;ACTIVO;PRUEBA DE IMPRESIONES;26/07/26;prueba
0373;ACTIVO;PRUEBA DE IMPRESIONES;26/07/26;prueba
0374;ACTIVO;PRUEBA DE IMPRESIONES;26/07/26;prueba
0375;ACTIVO;PRUEBA DE IMPRESIONES;26/07/26;prueba
0376;ACTIVO;PRUEBA DE IMPRESIONES;26/07/26;prueba
0377;ACTIVO;PRUEBA DE IMPRESIONES;26/07/26;prueba
0378;ACTIVO;PRUEBA DE IMPRESIONES;26/07/26;prueba
0379;ACTIVO;PRUEBA DE IMPRESIONES;26/07/26;prueba
0380;ACTIVO;PRUEBA DE IMPRESIONES;26/07/26;prueba
0381;ACTIVO;PRUEBA DE IMPRESIONES;26/07/26;prueba
0382;ACTIVO;PRUEBA DE IMPRESIONES;26/07/26;prueba
0383;ACTIVO;PRUEBA DE IMPRESIONES;26/07/26;prueba
0384;ACTIVO;PRUEBA DE IMPRESIONES;26/07/26;prueba
0385;ACTIVO;PRUEBA DE IMPRESIONES;26/07/26;prueba
0386;ACTIVO;PRUEBA DE IMPRESIONES;26/07/26;prueba
0387;ACTIVO;PRUEBA DE IMPRESIONES;26/07/26;prueba
0388;ACTIVO;PRUEBA DE IMPRESIONES;26/07/26;prueba
0389;ACTIVO;PRUEBA DE IMPRESIONES;26/07/26;prueba
0390;ACTIVO;PRUEBA DE IMPRESIONES;26/07/26;prueba
0391;ACTIVO;PRUEBA DE IMPRESIONES;26/07/26;prueba
0392;ACTIVO;PRUEBA DE IMPRESIONES;26/07/26;prueba
0393;ACTIVO;PRUEBA DE IMPRESIONES;26/07/26;prueba
0394;ACTIVO;PRUEBA DE IMPRESIONES;26/07/26;prueba
0395;ACTIVO;PRUEBA DE IMPRESIONES;26/07/26;prueba
0396;ACTIVO;PRUEBA DE IMPRESIONES;26/07/26;prueba
0397;ACTIVO;PRUEBA DE IMPRESIONES;26/07/26;prueba
0398;ACTIVO;PRUEBA DE IMPRESIONES;26/07/26;prueba
0399;ACTIVO;PRUEBA DE IMPRESIONES;26/07/26;prueba
0400;ACTIVO;PRUEBA DE IMPRESIONES;26/07/26;prueba
0401;ACTIVO;PRUEBA DE IMPRESIONES;26/07/26;prueba
0402;ACTIVO;PRUEBA DE IMPRESIONES;26/07/26;prueba
0403;ACTIVO;PRUEBA DE IMPRESIONES;26/07/26;prueba
0404;ACTIVO;PRUEBA DE IMPRESIONES;26/07/26;prueba
0405;ACTIVO;PRUEBA DE IMPRESIONES;26/07/26;prueba
0406;ACTIVO;PRUEBA DE IMPRESIONES;26/07/26;prueba
0407;ACTIVO;PRUEBA DE IMPRESIONES;26/07/26;prueba
0408;ACTIVO;PRUEBA DE IMPRESIONES;26/07/26;prueba
0409;ACTIVO;PRUEBA DE IMPRESIONES;26/07/26;prueba
0410;ACTIVO;PRUEBA DE IMPRESIONES;26/07/26;prueba
0411;ACTIVO;PRUEBA DE IMPRESIONES;26/07/26;prueba
0412;ACTIVO;PRUEBA DE IMPRESIONES;26/07/26;prueba
0413;ACTIVO;PRUEBA DE IMPRESIONES;26/07/26;prueba
0414;ACTIVO;PRUEBA DE IMPRESIONES;26/07/26;prueba
0415;ACTIVO;PRUEBA DE IMPRESIONES;26/07/26;prueba
0416;ACTIVO;PRUEBA DE IMPRESIONES;26/07/26;prueba
0417;ACTIVO;PRUEBA DE IMPRESIONES;26/07/26;prueba
0418;ACTIVO;PRUEBA DE IMPRESIONES;26/07/26;prueba
0419;ACTIVO;PRUEBA DE IMPRESIONES;26/07/26;prueba
0420;ACTIVO;PRUEBA DE IMPRESIONES;26/07/26;prueba
0421;ACTIVO;PRUEBA DE IMPRESIONES;26/07/26;prueba
0422;ACTIVO;PRUEBA DE IMPRESIONES;26/07/26;prueba
0423;ACTIVO;PRUEBA DE IMPRESIONES;26/07/26;prueba
0424;ACTIVO;PRUEBA DE IMPRESIONES;26/07/26;prueba
0425;ACTIVO;PRUEBA DE IMPRESIONES;26/07/26;prueba
0426;ACTIVO;PRUEBA DE IMPRESIONES;26/07/26;prueba
0427;ACTIVO;PRUEBA DE IMPRESIONES;26/07/26;prueba
0428;ACTIVO;PRUEBA DE IMPRESIONES;26/07/26;prueba
0429;ACTIVO;PRUEBA DE IMPRESIONES;26/07/26;prueba
0430;ACTIVO;PRUEBA DE IMPRESIONES;26/07/26;prueba
0431;ACTIVO;PRUEBA DE IMPRESIONES;26/07/26;prueba
0432;ACTIVO;PRUEBA DE IMPRESIONES;26/07/26;prueba
0433;ACTIVO;PRUEBA DE IMPRESIONES;26/07/26;prueba
0434;ACTIVO;PRUEBA DE IMPRESIONES;26/07/26;prueba
0435;ACTIVO;PRUEBA DE IMPRESIONES;26/07/26;prueba
0436;ACTIVO;PRUEBA DE IMPRESIONES;26/07/26;prueba
0437;ACTIVO;PRUEBA DE IMPRESIONES;26/07/26;prueba
0438;ACTIVO;PRUEBA DE IMPRESIONES;26/07/26;prueba
0439;ACTIVO;PRUEBA DE IMPRESIONES;26/07/26;prueba
0440;ACTIVO;PRUEBA DE IMPRESIONES;26/07/26;prueba
0441;ACTIVO;PRUEBA DE IMPRESIONES;26/07/26;prueba
0442;ACTIVO;PRUEBA DE IMPRESIONES;26/07/26;prueba
0443;ACTIVO;PRUEBA DE IMPRESIONES;26/07/26;prueba
0444;ACTIVO;PRUEBA DE IMPRESIONES;26/07/26;prueba
0445;ACTIVO;PRUEBA DE IMPRESIONES;26/07/26;prueba
0446;ACTIVO;PRUEBA DE IMPRESIONES;26/07/26;prueba
0447;ACTIVO;PRUEBA DE IMPRESIONES;26/07/26;prueba
0448;ACTIVO;PRUEBA DE IMPRESIONES;26/07/26;prueba
0449;ACTIVO;PRUEBA DE IMPRESIONES;26/07/26;prueba
0450;ACTIVO;PRUEBA DE IMPRESIONES;26/07/26;prueba
0451;ACTIVO;PRUEBA DE IMPRESIONES;26/07/26;prueba
0452;ACTIVO;PRUEBA DE IMPRESIONES;26/07/26;prueba
0453;ACTIVO;PRUEBA DE IMPRESIONES;26/07/26;prueba
0454;ACTIVO;PRUEBA DE IMPRESIONES;26/07/26;prueba
0455;ACTIVO;PRUEBA DE IMPRESIONES;26/07/26;prueba
0456;ACTIVO;PRUEBA DE IMPRESIONES;26/07/26;prueba
0457;ACTIVO;PRUEBA DE IMPRESIONES;26/07/26;prueba
0458;ACTIVO;PRUEBA DE IMPRESIONES;26/07/26;prueba
0459;ACTIVO;PRUEBA DE IMPRESIONES;26/07/26;prueba
0460;ACTIVO;PRUEBA DE IMPRESIONES;26/07/26;prueba
0461;ACTIVO;PRUEBA DE IMPRESIONES;26/07/26;prueba
0462;ACTIVO;PRUEBA DE IMPRESIONES;26/07/26;prueba
0463;ACTIVO;PRUEBA DE IMPRESIONES;26/07/26;prueba
0464;ACTIVO;PRUEBA DE IMPRESIONES;26/07/26;prueba
0465;ACTIVO;PRUEBA DE IMPRESIONES;26/07/26;prueba
0466;ACTIVO;PRUEBA DE IMPRESIONES;26/07/26;prueba
0467;ACTIVO;PRUEBA DE IMPRESIONES;26/07/26;prueba
0468;ACTIVO;PRUEBA DE IMPRESIONES;26/07/26;prueba
0469;ACTIVO;PRUEBA DE IMPRESIONES;26/07/26;prueba
0470;ACTIVO;PRUEBA DE IMPRESIONES;26/07/26;prueba
0471;ACTIVO;PRUEBA DE IMPRESIONES;26/07/26;prueba
0472;ACTIVO;PRUEBA DE IMPRESIONES;26/07/26;prueba
0473;ACTIVO;PRUEBA DE IMPRESIONES;26/07/26;prueba
0474;ACTIVO;PRUEBA DE IMPRESIONES;26/07/26;prueba
0475;ACTIVO;PRUEBA DE IMPRESIONES;26/07/26;prueba
0476;ACTIVO;PRUEBA DE IMPRESIONES;26/07/26;prueba
0477;ACTIVO;PRUEBA DE IMPRESIONES;26/07/26;prueba
0478;ACTIVO;PRUEBA DE IMPRESIONES;26/07/26;prueba
0479;ACTIVO;PRUEBA DE IMPRESIONES;26/07/26;prueba
0480;ACTIVO;PRUEBA DE IMPRESIONES;26/07/26;prueba
0481;ACTIVO;PRUEBA DE IMPRESIONES;26/07/26;prueba
0482;ACTIVO;PRUEBA DE IMPRESIONES;26/07/26;prueba
0483;ACTIVO;PRUEBA DE IMPRESIONES;26/07/26;prueba
0484;ACTIVO;PRUEBA DE IMPRESIONES;26/07/26;prueba
0485;ACTIVO;PRUEBA DE IMPRESIONES;26/07/26;prueba
0486;ACTIVO;PRUEBA DE IMPRESIONES;26/07/26;prueba
0487;ACTIVO;PRUEBA DE IMPRESIONES;26/07/26;prueba
0488;ACTIVO;PRUEBA DE IMPRESIONES;26/07/26;prueba
0489;ACTIVO;PRUEBA DE IMPRESIONES;26/07/26;prueba
0490;ACTIVO;PRUEBA DE IMPRESIONES;26/07/26;prueba
0491;ACTIVO;PRUEBA DE IMPRESIONES;26/07/26;prueba
0492;ACTIVO;PRUEBA DE IMPRESIONES;26/07/26;prueba
0493;ACTIVO;PRUEBA DE IMPRESIONES;26/07/26;prueba
0494;ACTIVO;PRUEBA DE IMPRESIONES;26/07/26;prueba
0495;ACTIVO;PRUEBA DE IMPRESIONES;26/07/26;prueba
0496;ACTIVO;PRUEBA DE IMPRESIONES;26/07/26;prueba
0497;ACTIVO;PRUEBA DE IMPRESIONES;26/07/26;prueba
0498;ACTIVO;PRUEBA DE IMPRESIONES;26/07/26;prueba
0499;ACTIVO;PRUEBA DE IMPRESIONES;26/07/26;prueba
0500;ACTIVO;PRUEBA DE IMPRESIONES;26/07/26;prueba
0501;ACTIVO;PRUEBA DE IMPRESIONES;26/07/26;prueba
0502;ACTIVO;PRUEBA DE IMPRESIONES;26/07/26;prueba
0503;ACTIVO;PRUEBA DE IMPRESIONES;26/07/26;prueba
0504;ACTIVO;PRUEBA DE IMPRESIONES;26/07/26;prueba
0505;ACTIVO;PRUEBA DE IMPRESIONES;26/07/26;prueba
0506;ACTIVO;PRUEBA DE IMPRESIONES;26/07/26;prueba
0507;ACTIVO;PRUEBA DE IMPRESIONES;26/07/26;prueba
0508;ACTIVO;PRUEBA DE IMPRESIONES;26/07/26;prueba
0509;ACTIVO;PRUEBA DE IMPRESIONES;26/07/26;prueba
0510;ACTIVO;PRUEBA DE IMPRESIONES;26/07/26;prueba
0511;ACTIVO;PRUEBA DE IMPRESIONES;26/07/26;prueba
0512;ACTIVO;PRUEBA DE IMPRESIONES;26/07/26;prueba
0513;ACTIVO;PRUEBA DE IMPRESIONES;26/07/26;prueba
0514;ACTIVO;PRUEBA DE IMPRESIONES;26/07/26;prueba
0515;ACTIVO;PRUEBA DE IMPRESIONES;26/07/26;prueba
0516;ACTIVO;PRUEBA DE IMPRESIONES;26/07/26;prueba
0517;ACTIVO;PRUEBA DE IMPRESIONES;26/07/26;prueba
0518;ACTIVO;PRUEBA DE IMPRESIONES;26/07/26;prueba
0519;ACTIVO;PRUEBA DE IMPRESIONES;26/07/26;prueba
0520;ACTIVO;PRUEBA DE IMPRESIONES;26/07/26;prueba
0521;ACTIVO;PRUEBA DE IMPRESIONES;26/07/26;prueba
0522;ACTIVO;PRUEBA DE IMPRESIONES;26/07/26;prueba
0523;ACTIVO;PRUEBA DE IMPRESIONES;26/07/26;prueba
0524;ACTIVO;PRUEBA DE IMPRESIONES;26/07/26;prueba
0525;ACTIVO;PRUEBA DE IMPRESIONES;26/07/26;prueba
0526;ACTIVO;PRUEBA DE IMPRESIONES;26/07/26;prueba
0527;ACTIVO;PRUEBA DE IMPRESIONES;26/07/26;prueba
0528;ACTIVO;PRUEBA DE IMPRESIONES;26/07/26;prueba
0529;ACTIVO;PRUEBA DE IMPRESIONES;26/07/26;prueba
0530;ACTIVO;PRUEBA DE IMPRESIONES;26/07/26;prueba
0531;ACTIVO;PRUEBA DE IMPRESIONES;26/07/26;prueba
0532;ACTIVO;PRUEBA DE IMPRESIONES;26/07/26;prueba
0533;ACTIVO;PRUEBA DE IMPRESIONES;26/07/26;prueba
0534;ACTIVO;PRUEBA DE IMPRESIONES;26/07/26;prueba
0535;ACTIVO;PRUEBA DE IMPRESIONES;26/07/26;prueba
0536;ACTIVO;PRUEBA DE IMPRESIONES;26/07/26;prueba
0537;ACTIVO;PRUEBA DE IMPRESIONES;26/07/26;prueba
0538;ACTIVO;PRUEBA DE IMPRESIONES;26/07/26;prueba
0539;ACTIVO;PRUEBA DE IMPRESIONES;26/07/26;prueba
0540;ACTIVO;PRUEBA DE IMPRESIONES;26/07/26;prueba
0541;ACTIVO;PRUEBA DE IMPRESIONES;26/07/26;prueba
0542;ACTIVO;PRUEBA DE IMPRESIONES;26/07/26;prueba
0543;ACTIVO;PRUEBA DE IMPRESIONES;26/07/26;prueba
0544;ACTIVO;PRUEBA DE IMPRESIONES;26/07/26;prueba
0545;ACTIVO;PRUEBA DE IMPRESIONES;26/07/26;prueba
0546;ACTIVO;PRUEBA DE IMPRESIONES;26/07/26;prueba
0547;ACTIVO;PRUEBA DE IMPRESIONES;26/07/26;prueba
0548;ACTIVO;PRUEBA DE IMPRESIONES;26/07/26;prueba
0549;ACTIVO;PRUEBA DE IMPRESIONES;26/07/26;prueba
0550;ACTIVO;PRUEBA DE IMPRESIONES;26/07/26;prueba
0551;ACTIVO;PRUEBA DE IMPRESIONES;26/07/26;prueba
0552;ACTIVO;PRUEBA DE IMPRESIONES;26/07/26;prueba
0553;ACTIVO;PRUEBA DE IMPRESIONES;26/07/26;prueba
0554;ACTIVO;PRUEBA DE IMPRESIONES;26/07/26;prueba
0555;ACTIVO;PRUEBA DE IMPRESIONES;26/07/26;prueba
0556;ACTIVO;PRUEBA DE IMPRESIONES;26/07/26;prueba
0557;ACTIVO;PRUEBA DE IMPRESIONES;26/07/26;prueba
0558;ACTIVO;PRUEBA DE IMPRESIONES;26/07/26;prueba
0559;ACTIVO;PRUEBA DE IMPRESIONES;26/07/26;prueba
0560;ACTIVO;PRUEBA DE IMPRESIONES;26/07/26;prueba
0561;ACTIVO;PRUEBA DE IMPRESIONES;26/07/26;prueba
0562;ACTIVO;PRUEBA DE IMPRESIONES;26/07/26;prueba
0563;ACTIVO;PRUEBA DE IMPRESIONES;26/07/26;prueba
0564;ACTIVO;PRUEBA DE IMPRESIONES;26/07/26;prueba
0565;ACTIVO;PRUEBA DE IMPRESIONES;26/07/26;prueba
0566;ACTIVO;PRUEBA DE IMPRESIONES;26/07/26;prueba
0567;ACTIVO;PRUEBA DE IMPRESIONES;26/07/26;prueba
0568;ACTIVO;PRUEBA DE IMPRESIONES;26/07/26;prueba
0569;ACTIVO;PRUEBA DE IMPRESIONES;26/07/26;prueba
0570;ACTIVO;PRUEBA DE IMPRESIONES;26/07/26;prueba
0571;ACTIVO;PRUEBA DE IMPRESIONES;26/07/26;prueba
0572;ACTIVO;PRUEBA DE IMPRESIONES;26/07/26;prueba
0573;ACTIVO;PRUEBA DE IMPRESIONES;26/07/26;prueba
0574;ACTIVO;PRUEBA DE IMPRESIONES;26/07/26;prueba
0575;ACTIVO;PRUEBA DE IMPRESIONES;26/07/26;prueba
0576;ACTIVO;PRUEBA DE IMPRESIONES;26/07/26;prueba
0577;ACTIVO;PRUEBA DE IMPRESIONES;26/07/26;prueba
0578;ACTIVO;PRUEBA DE IMPRESIONES;26/07/26;prueba
0579;ACTIVO;PRUEBA DE IMPRESIONES;26/07/26;prueba
0580;ACTIVO;PRUEBA DE IMPRESIONES;26/07/26;prueba
0581;ACTIVO;PRUEBA DE IMPRESIONES;26/07/26;prueba
0582;ACTIVO;PRUEBA DE IMPRESIONES;26/07/26;prueba
0583;ACTIVO;PRUEBA DE IMPRESIONES;26/07/26;prueba
0584;ACTIVO;PRUEBA DE IMPRESIONES;26/07/26;prueba
0585;ACTIVO;PRUEBA DE IMPRESIONES;26/07/26;prueba
0586;ACTIVO;PRUEBA DE IMPRESIONES;26/07/26;prueba
0587;ACTIVO;PRUEBA DE IMPRESIONES;26/07/26;prueba
0588;ACTIVO;PRUEBA DE IMPRESIONES;26/07/26;prueba
0589;ACTIVO;PRUEBA DE IMPRESIONES;26/07/26;prueba
0590;ACTIVO;PRUEBA DE IMPRESIONES;26/07/26;prueba
0591;ACTIVO;PRUEBA DE IMPRESIONES;26/07/26;prueba
0592;ACTIVO;PRUEBA DE IMPRESIONES;26/07/26;prueba
0593;ACTIVO;PRUEBA DE IMPRESIONES;26/07/26;prueba
0594;ACTIVO;PRUEBA DE IMPRESIONES;26/07/26;prueba
0595;ACTIVO;PRUEBA DE IMPRESIONES;26/07/26;prueba
0596;ACTIVO;PRUEBA DE IMPRESIONES;26/07/26;prueba
0597;ACTIVO;PRUEBA DE IMPRESIONES;26/07/26;prueba
0598;ACTIVO;PRUEBA DE IMPRESIONES;26/07/26;prueba
0599;ACTIVO;PRUEBA DE IMPRESIONES;26/07/26;prueba
0600;ACTIVO;PRUEBA DE IMPRESIONES;26/07/26;prueba
0601;ACTIVO;PRUEBA DE IMPRESIONES;26/07/26;prueba
0602;ACTIVO;PRUEBA DE IMPRESIONES;26/07/26;prueba
0603;ACTIVO;PRUEBA DE IMPRESIONES;26/07/26;prueba
0604;ACTIVO;PRUEBA DE IMPRESIONES;26/07/26;prueba
0605;ACTIVO;PRUEBA DE IMPRESIONES;26/07/26;prueba
0606;ACTIVO;PRUEBA DE IMPRESIONES;26/07/26;prueba
0607;ACTIVO;PRUEBA DE IMPRESIONES;26/07/26;prueba
0608;ACTIVO;PRUEBA DE IMPRESIONES;26/07/26;prueba
0609;ACTIVO;PRUEBA DE IMPRESIONES;26/07/26;prueba
0610;ACTIVO;PRUEBA DE IMPRESIONES;26/07/26;prueba
0611;ACTIVO;PRUEBA DE IMPRESIONES;26/07/26;prueba
0612;ACTIVO;PRUEBA DE IMPRESIONES;26/07/26;prueba
0613;ACTIVO;PRUEBA DE IMPRESIONES;26/07/26;prueba
0614;ACTIVO;PRUEBA DE IMPRESIONES;26/07/26;prueba
0615;ACTIVO;PRUEBA DE IMPRESIONES;26/07/26;prueba
0616;ACTIVO;PRUEBA DE IMPRESIONES;26/07/26;prueba
0617;ACTIVO;PRUEBA DE IMPRESIONES;26/07/26;prueba
0618;ACTIVO;PRUEBA DE IMPRESIONES;26/07/26;prueba
0619;ACTIVO;PRUEBA DE IMPRESIONES;26/07/26;prueba
0620;ACTIVO;PRUEBA DE IMPRESIONES;26/07/26;prueba
0621;ACTIVO;PRUEBA DE IMPRESIONES;26/07/26;prueba
0622;ACTIVO;PRUEBA DE IMPRESIONES;26/07/26;prueba
0623;ACTIVO;PRUEBA DE IMPRESIONES;26/07/26;prueba
0624;ACTIVO;PRUEBA DE IMPRESIONES;26/07/26;prueba
0625;ACTIVO;PRUEBA DE IMPRESIONES;26/07/26;prueba
0626;ACTIVO;PRUEBA DE IMPRESIONES;26/07/26;prueba
0627;ACTIVO;PRUEBA DE IMPRESIONES;26/07/26;prueba
0628;ACTIVO;PRUEBA DE IMPRESIONES;26/07/26;prueba
0629;ACTIVO;PRUEBA DE IMPRESIONES;26/07/26;prueba
0630;ACTIVO;PRUEBA DE IMPRESIONES;26/07/26;prueba
0631;ACTIVO;PRUEBA DE IMPRESIONES;26/07/26;prueba
0632;ACTIVO;PRUEBA DE IMPRESIONES;26/07/26;prueba
0633;ACTIVO;PRUEBA DE IMPRESIONES;26/07/26;prueba
0634;ACTIVO;PRUEBA DE IMPRESIONES;26/07/26;prueba
0635;ACTIVO;PRUEBA DE IMPRESIONES;26/07/26;prueba
0636;ACTIVO;PRUEBA DE IMPRESIONES;26/07/26;prueba
0637;ACTIVO;PRUEBA DE IMPRESIONES;26/07/26;prueba
0638;ACTIVO;PRUEBA DE IMPRESIONES;26/07/26;prueba
0639;ACTIVO;PRUEBA DE IMPRESIONES;26/07/26;prueba
0640;ACTIVO;PRUEBA DE IMPRESIONES;26/07/26;prueba
0641;ACTIVO;PRUEBA DE IMPRESIONES;26/07/26;prueba
0642;ACTIVO;PRUEBA DE IMPRESIONES;26/07/26;prueba
0643;ACTIVO;PRUEBA DE IMPRESIONES;26/07/26;prueba
0644;ACTIVO;PRUEBA DE IMPRESIONES;26/07/26;prueba
0645;ACTIVO;PRUEBA DE IMPRESIONES;26/07/26;prueba
0646;ACTIVO;PRUEBA DE IMPRESIONES;26/07/26;prueba
0647;ACTIVO;PRUEBA DE IMPRESIONES;26/07/26;prueba
0648;ACTIVO;PRUEBA DE IMPRESIONES;26/07/26;prueba
0649;ACTIVO;PRUEBA DE IMPRESIONES;26/07/26;prueba
0650;ACTIVO;PRUEBA DE IMPRESIONES;26/07/26;prueba
0651;ACTIVO;PRUEBA DE IMPRESIONES;26/07/26;prueba
0652;ACTIVO;PRUEBA DE IMPRESIONES;26/07/26;prueba
0653;ACTIVO;PRUEBA DE IMPRESIONES;26/07/26;prueba
0654;ACTIVO;PRUEBA DE IMPRESIONES;26/07/26;prueba
0655;ACTIVO;PRUEBA DE IMPRESIONES;26/07/26;prueba
0656;ACTIVO;PRUEBA DE IMPRESIONES;26/07/26;prueba
0657;ACTIVO;PRUEBA DE IMPRESIONES;26/07/26;prueba
0658;ACTIVO;PRUEBA DE IMPRESIONES;26/07/26;prueba
0659;ACTIVO;PRUEBA DE IMPRESIONES;26/07/26;prueba
0660;ACTIVO;PRUEBA DE IMPRESIONES;26/07/26;prueba
0661;ACTIVO;PRUEBA DE IMPRESIONES;26/07/26;prueba
0662;ACTIVO;PRUEBA DE IMPRESIONES;26/07/26;prueba
0663;ACTIVO;PRUEBA DE IMPRESIONES;26/07/26;prueba
0664;ACTIVO;PRUEBA DE IMPRESIONES;26/07/26;prueba
0665;ACTIVO;PRUEBA DE IMPRESIONES;26/07/26;prueba
0666;ACTIVO;PRUEBA DE IMPRESIONES;26/07/26;prueba
0667;ACTIVO;PRUEBA DE IMPRESIONES;26/07/26;prueba
0668;ACTIVO;PRUEBA DE IMPRESIONES;26/07/26;prueba
0669;ACTIVO;PRUEBA DE IMPRESIONES;26/07/26;prueba
0670;ACTIVO;PRUEBA DE IMPRESIONES;26/07/26;prueba
0671;ACTIVO;PRUEBA DE IMPRESIONES;26/07/26;prueba
0672;ACTIVO;PRUEBA DE IMPRESIONES;26/07/26;prueba
0673;ACTIVO;PRUEBA DE IMPRESIONES;26/07/26;prueba
0674;ACTIVO;PRUEBA DE IMPRESIONES;26/07/26;prueba
0675;ACTIVO;PRUEBA DE IMPRESIONES;26/07/26;prueba
0676;ACTIVO;PRUEBA DE IMPRESIONES;26/07/26;prueba
0677;ACTIVO;PRUEBA DE IMPRESIONES;26/07/26;prueba
0678;ACTIVO;PRUEBA DE IMPRESIONES;26/07/26;prueba
0679;ACTIVO;PRUEBA DE IMPRESIONES;26/07/26;prueba
0680;ACTIVO;PRUEBA DE IMPRESIONES;26/07/26;prueba
0681;ACTIVO;PRUEBA DE IMPRESIONES;26/07/26;prueba
0682;ACTIVO;PRUEBA DE IMPRESIONES;26/07/26;prueba
0683;ACTIVO;PRUEBA DE IMPRESIONES;26/07/26;prueba
0684;ACTIVO;PRUEBA DE IMPRESIONES;26/07/26;prueba
0685;ACTIVO;PRUEBA DE IMPRESIONES;26/07/26;prueba
0686;ACTIVO;PRUEBA DE IMPRESIONES;26/07/26;prueba
0687;ACTIVO;PRUEBA DE IMPRESIONES;26/07/26;prueba
0688;ACTIVO;PRUEBA DE IMPRESIONES;26/07/26;prueba
0689;ACTIVO;PRUEBA DE IMPRESIONES;26/07/26;prueba
0690;ACTIVO;PRUEBA DE IMPRESIONES;26/07/26;prueba
0691;ACTIVO;PRUEBA DE IMPRESIONES;26/07/26;prueba
0692;ACTIVO;PRUEBA DE IMPRESIONES;26/07/26;prueba
0693;ACTIVO;PRUEBA DE IMPRESIONES;26/07/26;prueba
0694;ACTIVO;PRUEBA DE IMPRESIONES;26/07/26;prueba
0695;ACTIVO;PRUEBA DE IMPRESIONES;26/07/26;prueba
0696;ACTIVO;PRUEBA DE IMPRESIONES;26/07/26;prueba
0697;ACTIVO;PRUEBA DE IMPRESIONES;26/07/26;prueba
0698;ACTIVO;PRUEBA DE IMPRESIONES;26/07/26;prueba
0699;ACTIVO;PRUEBA DE IMPRESIONES;26/07/26;prueba
0700;ACTIVO;PRUEBA DE IMPRESIONES;26/07/26;prueba
0701;ACTIVO;PRUEBA DE IMPRESIONES;26/07/26;prueba
0702;ACTIVO;PRUEBA DE IMPRESIONES;26/07/26;prueba
0703;ACTIVO;PRUEBA DE IMPRESIONES;26/07/26;prueba
0704;ACTIVO;PRUEBA DE IMPRESIONES;26/07/26;prueba
0705;ACTIVO;PRUEBA DE IMPRESIONES;26/07/26;prueba
0706;ACTIVO;PRUEBA DE IMPRESIONES;26/07/26;prueba
0707;ACTIVO;PRUEBA DE IMPRESIONES;26/07/26;prueba
0708;ACTIVO;PRUEBA DE IMPRESIONES;26/07/26;prueba
0709;ACTIVO;PRUEBA DE IMPRESIONES;26/07/26;prueba
0710;ACTIVO;PRUEBA DE IMPRESIONES;26/07/26;prueba
0711;ACTIVO;PRUEBA DE IMPRESIONES;26/07/26;prueba
0712;ACTIVO;PRUEBA DE IMPRESIONES;26/07/26;prueba
0713;ACTIVO;PRUEBA DE IMPRESIONES;26/07/26;prueba
0714;ACTIVO;PRUEBA DE IMPRESIONES;26/07/26;prueba
0715;ACTIVO;PRUEBA DE IMPRESIONES;26/07/26;prueba
0716;ACTIVO;PRUEBA DE IMPRESIONES;26/07/26;prueba
0717;ACTIVO;PRUEBA DE IMPRESIONES;26/07/26;prueba
0718;ACTIVO;PRUEBA DE IMPRESIONES;26/07/26;prueba
0719;ACTIVO;PRUEBA DE IMPRESIONES;26/07/26;prueba
0720;ACTIVO;PRUEBA DE IMPRESIONES;26/07/26;prueba
0721;ACTIVO;PRUEBA DE IMPRESIONES;26/07/26;prueba
0722;ACTIVO;PRUEBA DE IMPRESIONES;26/07/26;prueba
0723;ACTIVO;PRUEBA DE IMPRESIONES;26/07/26;prueba
0724;ACTIVO;PRUEBA DE IMPRESIONES;26/07/26;prueba
0725;ACTIVO;PRUEBA DE IMPRESIONES;26/07/26;prueba
0726;ACTIVO;PRUEBA DE IMPRESIONES;26/07/26;prueba
0727;ACTIVO;PRUEBA DE IMPRESIONES;26/07/26;prueba
0728;ACTIVO;PRUEBA DE IMPRESIONES;26/07/26;prueba
0729;ACTIVO;PRUEBA DE IMPRESIONES;26/07/26;prueba
0730;ACTIVO;PRUEBA DE IMPRESIONES;26/07/26;prueba
0731;ACTIVO;PRUEBA DE IMPRESIONES;26/07/26;prueba
0732;ACTIVO;PRUEBA DE IMPRESIONES;26/07/26;prueba
0733;ACTIVO;PRUEBA DE IMPRESIONES;26/07/26;prueba
0734;ACTIVO;PRUEBA DE IMPRESIONES;26/07/26;prueba
0735;ACTIVO;PRUEBA DE IMPRESIONES;26/07/26;prueba
0736;ACTIVO;PRUEBA DE IMPRESIONES;26/07/26;prueba
0737;ACTIVO;PRUEBA DE IMPRESIONES;26/07/26;prueba
0738;ACTIVO;PRUEBA DE IMPRESIONES;26/07/26;prueba
0739;ACTIVO;PRUEBA DE IMPRESIONES;26/07/26;prueba
0740;ACTIVO;PRUEBA DE IMPRESIONES;26/07/26;prueba
0741;ACTIVO;PRUEBA DE IMPRESIONES;26/07/26;prueba
0742;ACTIVO;PRUEBA DE IMPRESIONES;26/07/26;prueba
0743;ACTIVO;PRUEBA DE IMPRESIONES;26/07/26;prueba
0744;ACTIVO;PRUEBA DE IMPRESIONES;26/07/26;prueba
0745;ACTIVO;PRUEBA DE IMPRESIONES;26/07/26;prueba
0746;ACTIVO;PRUEBA DE IMPRESIONES;26/07/26;prueba
0747;ACTIVO;PRUEBA DE IMPRESIONES;26/07/26;prueba
0748;ACTIVO;PRUEBA DE IMPRESIONES;26/07/26;prueba
0749;ACTIVO;PRUEBA DE IMPRESIONES;26/07/26;prueba
0750;ACTIVO;PRUEBA DE IMPRESIONES;26/07/26;prueba
0751;NO ACTIVO;PRUEBA DE IMPRESIONES;26/07/26;prueba
0752;NO ACTIVO;PRUEBA DE IMPRESIONES;26/07/26;prueba
0753;NO ACTIVO;PRUEBA DE IMPRESIONES;26/07/26;prueba
0754;NO ACTIVO;PRUEBA DE IMPRESIONES;26/07/26;prueba
0755;NO ACTIVO;PRUEBA DE IMPRESIONES;26/07/26;prueba
0756;NO ACTIVO;PRUEBA DE IMPRESIONES;26/07/26;prueba
0757;NO ACTIVO;PRUEBA DE IMPRESIONES;26/07/26;prueba
0758;NO ACTIVO;PRUEBA DE IMPRESIONES;26/07/26;prueba
0759;NO ACTIVO;PRUEBA DE IMPRESIONES;26/07/26;prueba
0760;NO ACTIVO;PRUEBA DE IMPRESIONES;26/07/26;prueba
0761;NO ACTIVO;PRUEBA DE IMPRESIONES;26/07/26;prueba
0762;NO ACTIVO;PRUEBA DE IMPRESIONES;26/07/26;prueba
0763;NO ACTIVO;PRUEBA DE IMPRESIONES;26/07/26;prueba
0764;NO ACTIVO;PRUEBA DE IMPRESIONES;26/07/26;prueba
0765;NO ACTIVO;PRUEBA DE IMPRESIONES;26/07/26;prueba
0766;NO ACTIVO;PRUEBA DE IMPRESIONES;26/07/26;prueba
0767;NO ACTIVO;PRUEBA DE IMPRESIONES;26/07/26;prueba
0768;NO ACTIVO;PRUEBA DE IMPRESIONES;26/07/26;prueba
0769;NO ACTIVO;PRUEBA DE IMPRESIONES;26/07/26;prueba
0770;NO ACTIVO;PRUEBA DE IMPRESIONES;26/07/26;prueba
0771;NO ACTIVO;PRUEBA DE IMPRESIONES;26/07/26;prueba
0772;NO ACTIVO;PRUEBA DE IMPRESIONES;26/07/26;prueba
0773;NO ACTIVO;PRUEBA DE IMPRESIONES;26/07/26;prueba
0774;NO ACTIVO;PRUEBA DE IMPRESIONES;26/07/26;prueba
0775;NO ACTIVO;PRUEBA DE IMPRESIONES;26/07/26;prueba
0776;NO ACTIVO;PRUEBA DE IMPRESIONES;26/07/26;prueba
0777;NO ACTIVO;PRUEBA DE IMPRESIONES;26/07/26;prueba
0778;NO ACTIVO;PRUEBA DE IMPRESIONES;26/07/26;prueba
0779;NO ACTIVO;PRUEBA DE IMPRESIONES;26/07/26;prueba
0780;NO ACTIVO;PRUEBA DE IMPRESIONES;26/07/26;prueba
0781;NO ACTIVO;PRUEBA DE IMPRESIONES;26/07/26;prueba
0782;NO ACTIVO;PRUEBA DE IMPRESIONES;26/07/26;prueba
0783;NO ACTIVO;PRUEBA DE IMPRESIONES;26/07/26;prueba
0784;NO ACTIVO;PRUEBA DE IMPRESIONES;26/07/26;prueba
0785;NO ACTIVO;PRUEBA DE IMPRESIONES;26/07/26;prueba
0786;NO ACTIVO;PRUEBA DE IMPRESIONES;26/07/26;prueba
0787;NO ACTIVO;PRUEBA DE IMPRESIONES;26/07/26;prueba
0788;NO ACTIVO;PRUEBA DE IMPRESIONES;26/07/26;prueba
0789;NO ACTIVO;PRUEBA DE IMPRESIONES;26/07/26;prueba
0790;NO ACTIVO;PRUEBA DE IMPRESIONES;26/07/26;prueba
0791;NO ACTIVO;PRUEBA DE IMPRESIONES;26/07/26;prueba
0792;NO ACTIVO;PRUEBA DE IMPRESIONES;26/07/26;prueba
0793;NO ACTIVO;PRUEBA DE IMPRESIONES;26/07/26;prueba
0794;NO ACTIVO;PRUEBA DE IMPRESIONES;26/07/26;prueba
0795;NO ACTIVO;PRUEBA DE IMPRESIONES;26/07/26;prueba
0796;NO ACTIVO;PRUEBA DE IMPRESIONES;26/07/26;prueba
0797;NO ACTIVO;PRUEBA DE IMPRESIONES;26/07/26;prueba
0798;NO ACTIVO;PRUEBA DE IMPRESIONES;26/07/26;prueba
0799;NO ACTIVO;PRUEBA DE IMPRESIONES;26/07/26;prueba
0800;NO ACTIVO;PRUEBA DE IMPRESIONES;26/07/26;prueba
0801;NO ACTIVO;PRUEBA DE IMPRESIONES;26/07/26;prueba
0802;NO ACTIVO;PRUEBA DE IMPRESIONES;26/07/26;prueba
0803;NO ACTIVO;PRUEBA DE IMPRESIONES;26/07/26;prueba
0804;NO ACTIVO;PRUEBA DE IMPRESIONES;26/07/26;prueba
0805;NO ACTIVO;PRUEBA DE IMPRESIONES;26/07/26;prueba
0806;NO ACTIVO;PRUEBA DE IMPRESIONES;26/07/26;prueba
0807;NO ACTIVO;PRUEBA DE IMPRESIONES;26/07/26;prueba
0808;NO ACTIVO;PRUEBA DE IMPRESIONES;26/07/26;prueba
0809;NO ACTIVO;PRUEBA DE IMPRESIONES;26/07/26;prueba
0810;NO ACTIVO;PRUEBA DE IMPRESIONES;26/07/26;prueba
0811;NO ACTIVO;PRUEBA DE IMPRESIONES;26/07/26;prueba
0812;NO ACTIVO;PRUEBA DE IMPRESIONES;26/07/26;prueba
0813;NO ACTIVO;PRUEBA DE IMPRESIONES;26/07/26;prueba
0814;NO ACTIVO;PRUEBA DE IMPRESIONES;26/07/26;prueba
0815;NO ACTIVO;PRUEBA DE IMPRESIONES;26/07/26;prueba
0816;NO ACTIVO;PRUEBA DE IMPRESIONES;26/07/26;prueba
0817;NO ACTIVO;PRUEBA DE IMPRESIONES;26/07/26;prueba
0818;NO ACTIVO;PRUEBA DE IMPRESIONES;26/07/26;prueba
0819;NO ACTIVO;PRUEBA DE IMPRESIONES;26/07/26;prueba
0820;NO ACTIVO;PRUEBA DE IMPRESIONES;26/07/26;prueba
0821;NO ACTIVO;PRUEBA DE IMPRESIONES;26/07/26;prueba
0822;NO ACTIVO;PRUEBA DE IMPRESIONES;26/07/26;prueba
0823;NO ACTIVO;PRUEBA DE IMPRESIONES;26/07/26;prueba
0824;NO ACTIVO;PRUEBA DE IMPRESIONES;26/07/26;prueba
0825;NO ACTIVO;PRUEBA DE IMPRESIONES;26/07/26;prueba
0826;NO ACTIVO;PRUEBA DE IMPRESIONES;26/07/26;prueba
0827;NO ACTIVO;PRUEBA DE IMPRESIONES;26/07/26;prueba
0828;NO ACTIVO;PRUEBA DE IMPRESIONES;26/07/26;prueba
0829;NO ACTIVO;PRUEBA DE IMPRESIONES;26/07/26;prueba
0830;NO ACTIVO;PRUEBA DE IMPRESIONES;26/07/26;prueba
0831;NO ACTIVO;PRUEBA DE IMPRESIONES;26/07/26;prueba
0832;NO ACTIVO;PRUEBA DE IMPRESIONES;26/07/26;prueba
0833;NO ACTIVO;PRUEBA DE IMPRESIONES;26/07/26;prueba
0834;NO ACTIVO;PRUEBA DE IMPRESIONES;26/07/26;prueba
0835;NO ACTIVO;PRUEBA DE IMPRESIONES;26/07/26;prueba
0836;NO ACTIVO;PRUEBA DE IMPRESIONES;26/07/26;prueba
0837;NO ACTIVO;PRUEBA DE IMPRESIONES;26/07/26;prueba
0838;NO ACTIVO;PRUEBA DE IMPRESIONES;26/07/26;prueba
0839;NO ACTIVO;PRUEBA DE IMPRESIONES;26/07/26;prueba
0840;NO ACTIVO;PRUEBA DE IMPRESIONES;26/07/26;prueba
0841;NO ACTIVO;PRUEBA DE IMPRESIONES;26/07/26;prueba
0842;NO ACTIVO;PRUEBA DE IMPRESIONES;26/07/26;prueba
0843;NO ACTIVO;PRUEBA DE IMPRESIONES;26/07/26;prueba
0844;NO ACTIVO;PRUEBA DE IMPRESIONES;26/07/26;prueba
0845;NO ACTIVO;PRUEBA DE IMPRESIONES;26/07/26;prueba
0846;NO ACTIVO;PRUEBA DE IMPRESIONES;26/07/26;prueba
0847;NO ACTIVO;PRUEBA DE IMPRESIONES;26/07/26;prueba
0848;NO ACTIVO;PRUEBA DE IMPRESIONES;26/07/26;prueba
0849;NO ACTIVO;PRUEBA DE IMPRESIONES;26/07/26;prueba
0850;NO ACTIVO;PRUEBA DE IMPRESIONES;26/07/26;prueba
0851;NO ACTIVO;PRUEBA DE IMPRESIONES;26/07/26;prueba
0852;NO ACTIVO;PRUEBA DE IMPRESIONES;26/07/26;prueba
0853;NO ACTIVO;PRUEBA DE IMPRESIONES;26/07/26;prueba
0854;NO ACTIVO;PRUEBA DE IMPRESIONES;26/07/26;prueba
0855;NO ACTIVO;PRUEBA DE IMPRESIONES;26/07/26;prueba
0856;NO ACTIVO;PRUEBA DE IMPRESIONES;26/07/26;prueba
0857;NO ACTIVO;PRUEBA DE IMPRESIONES;26/07/26;prueba
0858;NO ACTIVO;PRUEBA DE IMPRESIONES;26/07/26;prueba
0859;NO ACTIVO;PRUEBA DE IMPRESIONES;26/07/26;prueba
0860;NO ACTIVO;PRUEBA DE IMPRESIONES;26/07/26;prueba
0861;NO ACTIVO;PRUEBA DE IMPRESIONES;26/07/26;prueba
0862;NO ACTIVO;PRUEBA DE IMPRESIONES;26/07/26;prueba
0863;NO ACTIVO;PRUEBA DE IMPRESIONES;26/07/26;prueba
0864;NO ACTIVO;PRUEBA DE IMPRESIONES;26/07/26;prueba
0865;NO ACTIVO;PRUEBA DE IMPRESIONES;26/07/26;prueba
0866;NO ACTIVO;PRUEBA DE IMPRESIONES;26/07/26;prueba
0867;NO ACTIVO;PRUEBA DE IMPRESIONES;26/07/26;prueba
0868;NO ACTIVO;PRUEBA DE IMPRESIONES;26/07/26;prueba
0869;NO ACTIVO;PRUEBA DE IMPRESIONES;26/07/26;prueba
0870;NO ACTIVO;PRUEBA DE IMPRESIONES;26/07/26;prueba
0871;NO ACTIVO;PRUEBA DE IMPRESIONES;26/07/26;prueba
0872;NO ACTIVO;PRUEBA DE IMPRESIONES;26/07/26;prueba
0873;NO ACTIVO;PRUEBA DE IMPRESIONES;26/07/26;prueba
0874;NO ACTIVO;PRUEBA DE IMPRESIONES;26/07/26;prueba
0875;NO ACTIVO;PRUEBA DE IMPRESIONES;26/07/26;prueba
0876;NO ACTIVO;PRUEBA DE IMPRESIONES;26/07/26;prueba
0877;NO ACTIVO;PRUEBA DE IMPRESIONES;26/07/26;prueba
0878;NO ACTIVO;PRUEBA DE IMPRESIONES;26/07/26;prueba
0879;NO ACTIVO;PRUEBA DE IMPRESIONES;26/07/26;prueba
0880;NO ACTIVO;PRUEBA DE IMPRESIONES;26/07/26;prueba
0881;NO ACTIVO;PRUEBA DE IMPRESIONES;26/07/26;prueba
0882;NO ACTIVO;PRUEBA DE IMPRESIONES;26/07/26;prueba
0883;NO ACTIVO;PRUEBA DE IMPRESIONES;26/07/26;prueba
0884;NO ACTIVO;PRUEBA DE IMPRESIONES;26/07/26;prueba
0885;NO ACTIVO;PRUEBA DE IMPRESIONES;26/07/26;prueba
0886;NO ACTIVO;PRUEBA DE IMPRESIONES;26/07/26;prueba
0887;NO ACTIVO;PRUEBA DE IMPRESIONES;26/07/26;prueba
0888;NO ACTIVO;PRUEBA DE IMPRESIONES;26/07/26;prueba
0889;NO ACTIVO;PRUEBA DE IMPRESIONES;26/07/26;prueba
0890;NO ACTIVO;PRUEBA DE IMPRESIONES;26/07/26;prueba
0891;NO ACTIVO;PRUEBA DE IMPRESIONES;26/07/26;prueba
0892;NO ACTIVO;PRUEBA DE IMPRESIONES;26/07/26;prueba
0893;NO ACTIVO;PRUEBA DE IMPRESIONES;26/07/26;prueba
0894;NO ACTIVO;PRUEBA DE IMPRESIONES;26/07/26;prueba
0895;NO ACTIVO;PRUEBA DE IMPRESIONES;26/07/26;prueba
0896;NO ACTIVO;PRUEBA DE IMPRESIONES;26/07/26;prueba
0897;NO ACTIVO;PRUEBA DE IMPRESIONES;26/07/26;prueba
0898;NO ACTIVO;PRUEBA DE IMPRESIONES;26/07/26;prueba
0899;NO ACTIVO;PRUEBA DE IMPRESIONES;26/07/26;prueba
0900;NO ACTIVO;PRUEBA DE IMPRESIONES;26/07/26;prueba
0901;NO ACTIVO;PRUEBA DE IMPRESIONES;26/07/26;prueba
0902;NO ACTIVO;PRUEBA DE IMPRESIONES;26/07/26;prueba
0903;NO ACTIVO;PRUEBA DE IMPRESIONES;26/07/26;prueba
0904;NO ACTIVO;PRUEBA DE IMPRESIONES;26/07/26;prueba
0905;NO ACTIVO;PRUEBA DE IMPRESIONES;26/07/26;prueba
0906;NO ACTIVO;PRUEBA DE IMPRESIONES;26/07/26;prueba
0907;NO ACTIVO;PRUEBA DE IMPRESIONES;26/07/26;prueba
0908;NO ACTIVO;PRUEBA DE IMPRESIONES;26/07/26;prueba
0909;NO ACTIVO;PRUEBA DE IMPRESIONES;26/07/26;prueba
0910;NO ACTIVO;PRUEBA DE IMPRESIONES;26/07/26;prueba
0911;NO ACTIVO;PRUEBA DE IMPRESIONES;26/07/26;prueba
0912;NO ACTIVO;PRUEBA DE IMPRESIONES;26/07/26;prueba
0913;NO ACTIVO;PRUEBA DE IMPRESIONES;26/07/26;prueba
0914;NO ACTIVO;PRUEBA DE IMPRESIONES;26/07/26;prueba
0915;NO ACTIVO;PRUEBA DE IMPRESIONES;26/07/26;prueba
0916;NO ACTIVO;PRUEBA DE IMPRESIONES;26/07/26;prueba
0917;NO ACTIVO;PRUEBA DE IMPRESIONES;26/07/26;prueba
0918;NO ACTIVO;PRUEBA DE IMPRESIONES;26/07/26;prueba
0919;NO ACTIVO;PRUEBA DE IMPRESIONES;26/07/26;prueba
0920;NO ACTIVO;PRUEBA DE IMPRESIONES;26/07/26;prueba
0921;NO ACTIVO;PRUEBA DE IMPRESIONES;26/07/26;prueba
0922;NO ACTIVO;PRUEBA DE IMPRESIONES;26/07/26;prueba
0923;NO ACTIVO;PRUEBA DE IMPRESIONES;26/07/26;prueba
0924;NO ACTIVO;PRUEBA DE IMPRESIONES;26/07/26;prueba
0925;NO ACTIVO;PRUEBA DE IMPRESIONES;26/07/26;prueba
0926;NO ACTIVO;PRUEBA DE IMPRESIONES;26/07/26;prueba
0927;NO ACTIVO;PRUEBA DE IMPRESIONES;26/07/26;prueba
0928;NO ACTIVO;PRUEBA DE IMPRESIONES;26/07/26;prueba
0929;NO ACTIVO;PRUEBA DE IMPRESIONES;26/07/26;prueba
0930;NO ACTIVO;PRUEBA DE IMPRESIONES;26/07/26;prueba
0931;NO ACTIVO;PRUEBA DE IMPRESIONES;26/07/26;prueba
0932;NO ACTIVO;PRUEBA DE IMPRESIONES;26/07/26;prueba
0933;NO ACTIVO;PRUEBA DE IMPRESIONES;26/07/26;prueba
0934;NO ACTIVO;PRUEBA DE IMPRESIONES;26/07/26;prueba
0935;NO ACTIVO;PRUEBA DE IMPRESIONES;26/07/26;prueba
0936;NO ACTIVO;PRUEBA DE IMPRESIONES;26/07/26;prueba
0937;NO ACTIVO;PRUEBA DE IMPRESIONES;26/07/26;prueba
0938;NO ACTIVO;PRUEBA DE IMPRESIONES;26/07/26;prueba
0939;NO ACTIVO;PRUEBA DE IMPRESIONES;26/07/26;prueba
0940;NO ACTIVO;PRUEBA DE IMPRESIONES;26/07/26;prueba
0941;NO ACTIVO;PRUEBA DE IMPRESIONES;26/07/26;prueba
0942;NO ACTIVO;PRUEBA DE IMPRESIONES;26/07/26;prueba
0943;NO ACTIVO;PRUEBA DE IMPRESIONES;26/07/26;prueba
0944;NO ACTIVO;PRUEBA DE IMPRESIONES;26/07/26;prueba
0945;NO ACTIVO;PRUEBA DE IMPRESIONES;26/07/26;prueba
0946;NO ACTIVO;PRUEBA DE IMPRESIONES;26/07/26;prueba
0947;NO ACTIVO;PRUEBA DE IMPRESIONES;26/07/26;prueba
0948;NO ACTIVO;PRUEBA DE IMPRESIONES;26/07/26;prueba
0949;NO ACTIVO;PRUEBA DE IMPRESIONES;26/07/26;prueba
0950;NO ACTIVO;PRUEBA DE IMPRESIONES;26/07/26;prueba
0951;NO ACTIVO;PRUEBA DE IMPRESIONES;26/07/26;prueba
0952;NO ACTIVO;PRUEBA DE IMPRESIONES;26/07/26;prueba
0953;NO ACTIVO;PRUEBA DE IMPRESIONES;26/07/26;prueba
0954;NO ACTIVO;PRUEBA DE IMPRESIONES;26/07/26;prueba
0955;NO ACTIVO;PRUEBA DE IMPRESIONES;26/07/26;prueba
0956;NO ACTIVO;PRUEBA DE IMPRESIONES;26/07/26;prueba
0957;NO ACTIVO;PRUEBA DE IMPRESIONES;26/07/26;prueba
0958;NO ACTIVO;PRUEBA DE IMPRESIONES;26/07/26;prueba
0959;NO ACTIVO;PRUEBA DE IMPRESIONES;26/07/26;prueba
0960;NO ACTIVO;PRUEBA DE IMPRESIONES;26/07/26;prueba
0961;NO ACTIVO;PRUEBA DE IMPRESIONES;26/07/26;prueba
0962;NO ACTIVO;PRUEBA DE IMPRESIONES;26/07/26;prueba
0963;NO ACTIVO;PRUEBA DE IMPRESIONES;26/07/26;prueba
0964;NO ACTIVO;PRUEBA DE IMPRESIONES;26/07/26;prueba
0965;NO ACTIVO;PRUEBA DE IMPRESIONES;26/07/26;prueba
0966;NO ACTIVO;PRUEBA DE IMPRESIONES;26/07/26;prueba
0967;NO ACTIVO;PRUEBA DE IMPRESIONES;26/07/26;prueba
0968;NO ACTIVO;PRUEBA DE IMPRESIONES;26/07/26;prueba
0969;NO ACTIVO;PRUEBA DE IMPRESIONES;26/07/26;prueba
0970;NO ACTIVO;PRUEBA DE IMPRESIONES;26/07/26;prueba
0971;NO ACTIVO;PRUEBA DE IMPRESIONES;26/07/26;prueba
0972;NO ACTIVO;PRUEBA DE IMPRESIONES;26/07/26;prueba
0973;NO ACTIVO;PRUEBA DE IMPRESIONES;26/07/26;prueba
0974;NO ACTIVO;PRUEBA DE IMPRESIONES;26/07/26;prueba
0975;NO ACTIVO;PRUEBA DE IMPRESIONES;26/07/26;prueba
0976;NO ACTIVO;PRUEBA DE IMPRESIONES;26/07/26;prueba
0977;NO ACTIVO;PRUEBA DE IMPRESIONES;26/07/26;prueba
0978;NO ACTIVO;PRUEBA DE IMPRESIONES;26/07/26;prueba
0979;NO ACTIVO;PRUEBA DE IMPRESIONES;26/07/26;prueba
0980;NO ACTIVO;PRUEBA DE IMPRESIONES;26/07/26;prueba
0981;NO ACTIVO;PRUEBA DE IMPRESIONES;26/07/26;prueba
0982;NO ACTIVO;PRUEBA DE IMPRESIONES;26/07/26;prueba
0983;NO ACTIVO;PRUEBA DE IMPRESIONES;26/07/26;prueba
0984;NO ACTIVO;PRUEBA DE IMPRESIONES;26/07/26;prueba
0985;NO ACTIVO;PRUEBA DE IMPRESIONES;26/07/26;prueba
0986;NO ACTIVO;PRUEBA DE IMPRESIONES;26/07/26;prueba
0987;NO ACTIVO;PRUEBA DE IMPRESIONES;26/07/26;prueba
0988;NO ACTIVO;PRUEBA DE IMPRESIONES;26/07/26;prueba
0989;NO ACTIVO;PRUEBA DE IMPRESIONES;26/07/26;prueba
0990;NO ACTIVO;PRUEBA DE IMPRESIONES;26/07/26;prueba
0991;NO ACTIVO;PRUEBA DE IMPRESIONES;26/07/26;prueba
0992;NO ACTIVO;PRUEBA DE IMPRESIONES;26/07/26;prueba
0993;NO ACTIVO;PRUEBA DE IMPRESIONES;26/07/26;prueba
0994;NO ACTIVO;PRUEBA DE IMPRESIONES;26/07/26;prueba
0995;NO ACTIVO;PRUEBA DE IMPRESIONES;26/07/26;prueba
0996;NO ACTIVO;PRUEBA DE IMPRESIONES;26/07/26;prueba
0997;NO ACTIVO;PRUEBA DE IMPRESIONES;26/07/26;prueba
0998;NO ACTIVO;PRUEBA DE IMPRESIONES;26/07/26;prueba
0999;NO ACTIVO;PRUEBA DE IMPRESIONES;26/07/26;prueba
1000;NO ACTIVO;PRUEBA DE IMPRESIONES;26/07/26;prueba
